variant,loss_name,checkpoint_path,test_loss,test_top1,test_top2,test_acc,test_balanced_acc,test_macro_f1,test_weighted_f1,test_precision_macro,test_recall_macro,test_mae,test_qwk,test_ovr_roc_auc_macro,test_ovr_pr_auc_macro
baseline,ce,E:\Paper\Computer-Vision-for-Medicine\Brain_Tumor_MRI_Loss\checkpoints\best_ResNet_baseline_ce.pt,0.4495997935497668,0.949375,0.9725,0.949375,0.9493750000000001,0.9482302263295652,0.9482302263295652,0.9536620874447804,0.9493750000000001,0.07,0.9544041450777202,0.9919518229166667,0.9841284566883373
baseline,dast,E:\Paper\Computer-Vision-for-Medicine\Brain_Tumor_MRI_Loss\checkpoints\best_ResNet_baseline_dast.pt,0.477774073779583,0.9525,0.970625,0.9525,0.9525,0.9513871562175162,0.9513871562175162,0.9568310529626435,0.9525,0.063125,0.9608402489626556,0.9896020833333333,0.9746749039295086
layer2+MECS,ce,E:\Paper\Computer-Vision-for-Medicine\Brain_Tumor_MRI_Loss\checkpoints\best_ResNet_layer2+MECS_ce.pt,1.3640874414731308,0.94625,0.956875,0.94625,0.94625,0.9452566756855346,0.9452566756855346,0.9502993447280508,0.94625,0.07875,0.9466873706004141,0.9843958333333334,0.9651403818001165
layer2+MECS,dast,E:\Paper\Computer-Vision-for-Medicine\Brain_Tumor_MRI_Loss\checkpoints\best_ResNet_layer2+MECS_dast.pt,0.4741325864195824,0.950625,0.964375,0.950625,0.950625,0.9493030677615588,0.9493030677615589,0.9546068860279693,0.950625,0.07,0.9538621047174702,0.9854729166666667,0.957200077870164
layer3+MECS,ce,E:\Paper\Computer-Vision-for-Medicine\Brain_Tumor_MRI_Loss\checkpoints\best_ResNet_layer3+MECS_ce.pt,0.41320064818379704,0.95375,0.96625,0.95375,0.95375,0.9527414410153392,0.9527414410153393,0.9567764109825518,0.95375,0.066875,0.9553663570691434,0.99023125,0.981443200162784
layer3+MECS,dast,E:\Paper\Computer-Vision-for-Medicine\Brain_Tumor_MRI_Loss\checkpoints\best_ResNet_layer3+MECS_dast.pt,0.48473538845777514,0.946875,0.96125,0.946875,0.9468750000000001,0.9459964249899452,0.9459964249899453,0.9512789942639507,0.9468750000000001,0.069375,0.9577720207253886,0.9826630208333333,0.9554727254672786
