loss_name,status,trained_epochs,best_epoch,best_valid_macro_f1,best_valid_loss,test_loss,test_top1,test_top2,test_acc,test_balanced_acc,test_macro_f1,test_weighted_f1,test_precision_macro,test_recall_macro,test_mae,test_qwk,test_ovr_roc_auc_macro,test_ovr_pr_auc_macro,checkpoint_path
ce,success,28,18,0.9892459337197987,0.05718322066240944,0.478016032455198,0.945625,0.9575,0.945625,0.945625,0.9440022128977471,0.9440022128977471,0.9500752023996806,0.945625,0.085625,0.9373700623700624,0.9933302083333333,0.9842491070117917,E:\Paper\Computer-Vision-for-Medicine\Brain_Tumor_MRI_Loss\checkpoints\best_ResNet_layer2+MECS_ce.pt
dast,success,29,19,0.9928565050311452,0.4243359863758087,0.47765344858169556,0.95,0.96875,0.95,0.9500000000000001,0.9486771269655886,0.9486771269655886,0.9542742673536222,0.9500000000000001,0.07125,0.9507516848107828,0.9880921874999999,0.9666703833589684,E:\Paper\Computer-Vision-for-Medicine\Brain_Tumor_MRI_Loss\checkpoints\best_ResNet_layer2+MECS_dast.pt
